{"cameraMode":{"drawMode":0,"name":"Shaded","section":"Shading Mode"},"sceneLighting":true,"audioPlay":false,"sceneViewState":{"m_AlwaysRefresh":false,"showFog":true,"showSkybox":true,"showFlares":true,"showImageEffects":true,"showParticleSystems":true,"showVisualEffectGraphs":true,"m_FxEnabled":true},"in2DMode":false,"pivot":{"x":32.409515380859378,"y":-37.731082916259769,"z":14.335195541381836},"rotation":{"x":-0.3304009735584259,"y":-0.45368123054504397,"z":0.18586546182632447,"w":-0.8065226078033447},"size":27.524904251098634,"orthographic":false}