{"cameraMode":{"drawMode":0,"name":"Shaded","section":"Shading Mode"},"sceneLighting":false,"audioPlay":false,"sceneViewState":{"m_AlwaysRefresh":false,"showFog":true,"showSkybox":false,"showFlares":true,"showImageEffects":true,"showParticleSystems":true,"showVisualEffectGraphs":true,"m_FxEnabled":true},"in2DMode":false,"pivot":{"x":0.3297191262245178,"y":-2.8483524322509767,"z":2.8828165531158449},"rotation":{"x":0.39292648434638979,"y":-0.002761719049885869,"z":0.0011795165482908488,"w":0.9195750951766968},"size":4.786341190338135,"orthographic":false}