{"cameraMode":{"drawMode":0,"name":"Shaded","section":"Shading Mode"},"sceneLighting":false,"audioPlay":false,"sceneViewState":{"m_AlwaysRefresh":false,"showFog":true,"showSkybox":false,"showFlares":true,"showImageEffects":true,"showParticleSystems":true,"showVisualEffectGraphs":true,"m_FxEnabled":true},"in2DMode":false,"pivot":{"x":2.3936662673950197,"y":0.13891446590423585,"z":0.10044990479946137},"rotation":{"x":0.02887658029794693,"y":-0.7058910727500916,"z":0.02882111445069313,"w":0.7071565389633179},"size":1.794217586517334,"orthographic":false}